Stock,Date,Price,RSI,MACD,MACD_Signal,MACD_Hist,MACD_Trend,SMA_50,SMA_200,SMA_Trend,EMA_50,EMA_200,EMA_Trend,BB_upper,BB_lower,BB_middle,BB_Position,ADX,ATR,Supertrend,Supertrend_Signal,Support,Resistance,Volume,Volume_SMA_20,Volume_Spike,52_Week_High,52_Week_Low,52_Week_High_Breakout,52_Week_Low_Breakout,Gap_Up,Gap_Down,1d_Change_Pct,1w_Change_Pct,1m_Change_Pct,Stoch_K,Stoch_D,Williams_%R,CMF
A2ZINFRA.NS,2025-03-28,13.670000076293945,28.69136838742761,-0.9762767458728341,-0.8335292594795582,-0.14274748639327584,Bearish,18.116800117492676,19.09070007801056,Bearish,17.605492167629354,18.158897791735154,Bearish,17.86791390246724,14.090086471373091,15.979000186920166,Lower,20.642905840194505,1.0778259994295742,18.267887987137883,Sell,13.670000076293945,22.829999923706055,882066,325310.15,True,,,False,False,False,False,-3.049647471931205,-15.198515107868726,-15.617287453673212,2.138228335874632,6.255641396180992,-94.1788002381608,-0.41936294217375925
AAKASH.NS,2025-03-28,7.46999979019165,28.961733988159633,-0.27962924495286323,-0.2385119810566554,-0.041117263896207845,Bearish,9.1203999710083,11.257849993705749,Bearish,8.942958659965054,10.663733711763081,Bearish,9.015368878022963,7.5646310456830905,8.289999961853027,Lower,14.939673184274742,0.5301159649026301,9.705430358655816,Sell,7.46999979019165,11.260000228881836,353974,148804.65,True,,,False,False,False,False,-2.6075656338054753,-14.92027315058051,-12.11764952715706,5.735996539472772,18.515498296148056,-92.09304048281656,-0.4240035852813434
ABMINTLLTD.NS,2025-03-28,41.880001068115234,29.72409373886016,-2.8279354852509684,-2.6815368236783437,-0.1463986615726247,Bearish,54.8876001739502,63.54110000610351,Bearish,53.37000334753903,61.13016179773887,Bearish,52.469427348918,42.39557318513961,47.43250026702881,Lower,20.152325327211827,2.9806117128160206,55.02908580308899,Sell,41.880001068115234,67.19999694824219,618,867.7,False,,,False,False,False,True,-2.8080739851192305,-15.136773327203024,-14.530610065070949,4.655220878438569,16.22343368788565,-92.7314400526294,-0.34794048763495766
ACL.NS,2025-03-28,49.13999938964844,22.68170036951641,-3.168230227402937,-2.939682719200075,-0.22854750820286185,Bearish,64.13340003967285,82.96255006790162,Bearish,63.50314739132246,79.12652489155454,Bearish,62.60298165797319,51.77101927281295,57.18700046539307,Lower,20.439507997457646,3.1696443933339618,64.20188182465317,Sell,49.13999938964844,77.70999908447266,302153,56357.05,True,,,False,False,False,False,-8.149533851124414,-13.072703961130983,-19.5085995024585,4.91445052030009,9.333040019127514,-92.74726718116182,-0.522250309855245
ADROITINFO.NS,2025-03-28,11.039999961853027,24.26663138391168,-1.3260011245839962,-1.0017087663758037,-0.32429235820819247,Bearish,16.073399982452393,18.716100039482118,Bearish,15.778234578108743,18.031465302977004,Bearish,17.852979821682947,10.931020193575842,14.392000007629395,Middle,24.477819832200826,1.2364902711250811,16.122876694416554,Sell,11.039999961853027,19.899999618530273,121324,95065.05,False,,,False,False,False,False,-4.498273692804188,-15.402300379343137,-36.18496850449087,3.6108429989529998,3.8970614329491275,-99.31034539457458,-0.5395324029329537
AGSTRA.NS,2025-03-28,8.260000228881836,4.179785982314434,-6.178914899669364,-6.970629333695932,0.7917144340265683,Bullish,31.148600101470947,72.78590002536774,Bearish,28.89457881856328,61.97502847312633,Bearish,20.006709361597554,6.358290504888044,13.182499933242799,Middle,80.3037433721882,0.9872000813028586,11.383794155700315,Sell,8.260000228881836,64.79000091552734,292502,661065.65,False,,,False,False,False,False,-5.057466552064971,-22.803734802597873,-60.72277717933168,0.0,0.0,-100.0,-0.3025967239411093
AHLADA.NS,2025-03-28,53.45000076293945,24.433443892398035,-4.780211907766791,-4.487238976010361,-0.29297293175643,Bearish,74.83000038146973,97.06506326675415,Bearish,72.4605132609537,94.46232708093609,Bearish,71.21350319814816,55.1284970002161,63.17100009918213,Lower,36.837065911737916,3.926807633520723,71.269636289414,Sell,53.45000076293945,92.66999816894531,121134,57635.0,True,,,False,False,False,False,-2.9240838543323266,-16.5756188270166,-21.234894956977,5.213002755394375,9.407991978867802,-97.91882632744834,-0.4585338610871809
AIROLAM.NS,2025-03-28,89.5,27.458042035266704,-4.859581553423951,-4.805199775163033,-0.05438177826091728,Bearish,108.52559967041016,124.9719501876831,Bearish,105.67976688810828,125.25709440352912,Bearish,103.31451413069918,89.36948474015044,96.34199943542481,Middle,39.293492805196415,5.965123825650184,111.09766270325471,Sell,89.5,128.9600067138672,9137,9367.8,False,,,False,False,True,False,-0.1895819922121844,-8.261580320103,-11.840028605721342,14.674549339805901,14.10288323769759,-79.89690093231981,-0.2044359854599418
AJOONI.NS,2025-03-28,5.599999904632568,27.008151657485485,-0.32772315642426086,-0.2611244819342326,-0.06659867449002826,Bearish,6.94539999961853,7.393900005817414,Bearish,6.827074121352953,7.0259527519238105,Bearish,7.6485903939003,5.461409596562956,6.554999995231628,Middle,23.490438866821645,0.40498260707238204,7.380294121262306,Sell,5.599999904632568,7.989999771118164,2495527,1203726.0,True,,,False,False,False,False,-5.723908237586606,-10.685806671963338,-25.23364384834209,5.683192004398375,8.851051544019391,-90.90909879069751,-0.3581037306400848
AKSHAR.NS,2025-03-28,0.5,27.971981113938767,-0.03033287055125966,-0.025609469662715947,-0.004723400888543713,Bearish,0.6319999980926514,1.2902084213495255,Bearish,0.6295606513228806,1.3131494033880917,Bearish,0.6267874229173055,0.5082125615854868,0.5674999922513961,Lower,25.856391230413422,0.02884307549347887,0.6281009516456658,Sell,0.5,0.7300000190734863,1949484,2023850.7,False,,,False,False,False,False,-1.960782480441492,-15.254233521108173,-16.666669978035685,0.0,6.913579936216419,-100.0,-0.4712853646251977
ALPHAGEO.NS,2025-03-28,221.11000061035156,25.61639129735413,-18.92303948752084,-20.409612760523935,1.4865732730030956,Bullish,304.4759991455078,389.74488479614257,Bearish,291.5359875914475,360.8437744951211,Bearish,269.714695253756,219.18530474624396,244.45,Middle,33.34445826694859,13.559379085784862,271.4809095464497,Sell,221.11000061035156,425.0,11336,11110.25,False,,,False,False,False,False,-1.2152085057641981,-8.910770533628265,-10.227365866541538,4.630954953873556,9.168328832068466,-93.14999898274739,-0.3994965264746258
ANSALAPI.NS,2025-03-28,3.5999999046325684,12.729171222843945,-0.9592237997046213,-1.031166877553437,0.0719430778488157,Bullish,6.814199976921081,9.879950007200241,Bearish,6.3976977428289175,9.038810908478599,Bearish,6.2414935482559715,2.7585064279021703,4.499999988079071,Middle,64.97563227428887,0.22679725553561966,4.371631593250335,Sell,3.5999999046325684,9.859999656677246,72017,298376.25,False,,,False,False,False,False,-2.1739174096029212,-10.000002384185791,-47.21407897332068,0.0,1.69289945153829,-100.0,0.0699734807021361
ASHOKAMET.NS,2025-03-28,15.539999961853027,28.1854638853168,-0.8264286832854744,-0.7908185898768757,-0.035610093408598664,Bearish,19.338800106048584,21.308150000572205,Bearish,18.942897716989446,20.562953240627728,Bearish,18.53417938766294,15.998820700075097,17.26650004386902,Lower,23.35306866280979,0.9765323282667613,19.500163362691243,Sell,15.539999961853027,22.84000015258789,118253,58585.65,True,,,False,False,False,False,-4.89596195388139,-9.651167020080608,-15.497550420799078,6.5556328338377625,8.369498747390528,-85.71428931849638,-0.38042935209095524
ASTRON.NS,2025-03-28,10.430000305175781,19.656469447183817,-1.0280038082028522,-0.9826696106549873,-0.04533419754786494,Bearish,15.004199943542481,20.482600030899047,Bearish,14.608375399298906,19.212803438314996,Bearish,14.063970177564698,10.938029868211668,12.501000022888183,Lower,47.93433906348593,0.7590981921131569,13.55571221962508,Sell,10.430000305175781,19.399999618530273,153056,84292.35,False,,,False,False,False,False,-5.00910072850993,-16.892429110273554,-19.45945591664341,0.09717470454857302,4.198122064588373,-100.0,-0.40803536708452576
ATL.NS,2025-03-28,22.360000610351562,23.71976973237667,-1.7906078940086552,-1.575406245107971,-0.21520164890068427,Bearish,29.166399993896484,40.795599918365475,Bearish,28.970376263970053,40.31852899868204,Bearish,29.38046841383556,22.42053199052235,25.900500202178954,Lower,36.798727691787484,1.535090286348257,28.858607515488636,Sell,22.360000610351562,34.790000915527344,1130402,670694.75,False,,,False,False,False,False,-0.5338030886491207,-13.232439995494005,-24.865589924789834,2.9969197556891487,4.836433608944037,-95.10266387002548,-0.5151640285100086
ATLANTAA.NS,2025-03-28,27.790000915527344,29.511200297767246,-2.187649544319541,-2.3512983641330436,0.16364881981350266,Bullish,35.762000007629396,46.43199999809265,Bearish,35.205571895246614,41.359252357326696,Bearish,34.413972769706476,26.478027047188057,30.445999908447266,Middle,35.99753280441162,1.0122550893430353,31.040011001711914,Sell,27.790000915527344,47.209999084472656,13348,14707.45,False,,,False,False,False,True,-2.009871941315,-2.182326417510494,-20.57730899558775,11.353318867688072,19.946341911903634,-100.0,-0.6397751379291656
AVROIND.NS,2025-03-28,144.75999450683594,28.75756558314843,-10.010265992348366,-9.526439617794937,-0.4838263745534288,Bearish,186.47120025634766,162.10545001983644,Bullish,175.5641020448466,160.7830293339407,Bullish,173.9740207328816,144.56397975539963,159.2690002441406,Middle,15.120978323123063,10.39708369126905,187.66511909928545,Sell,144.75999450683594,230.52000427246094,17858,25627.0,False,,,False,False,False,False,-1.187717060180249,-9.508036880541527,-11.57535363134652,12.353840438275554,12.443205646924312,-83.72918300298313,-0.3072283614235133
BAGFILMS.NS,2025-03-28,5.349999904632568,27.75761622195265,-0.4549026796450564,-0.45068296952541304,-0.004219710119643338,Bearish,7.247799978256226,9.309649984836579,Bearish,7.185964935878128,8.677323344167084,Bearish,6.944148182796044,5.465851855350928,6.205000019073486,Lower,30.291500139331937,0.3980707973497028,7.106988872554537,Sell,5.349999904632568,8.970000267028809,392471,248024.3,False,,,False,False,False,False,-4.293385356066837,-13.149350046166507,-24.647887655014888,2.9944310341969707,13.220849229665236,-97.56097773722723,-0.22597596638833106
BCONCEPTS.NS,2025-03-28,295.45001220703125,29.060550111266803,-22.211155371394113,-19.044788779867435,-3.1663665915266783,Bearish,386.7650018310547,529.3225018310546,Bearish,381.1871573029302,519.9668668300459,Bearish,402.85617720096167,291.35883134396016,347.1075042724609,Middle,17.366148300518823,26.128144896748434,399.89838701301335,Sell,295.45001220703125,490.45001220703125,60740,26964.15,True,,,False,False,False,False,-2.9720813770012344,-12.107684792041518,-21.714356919658794,3.858738529967989,4.128696648911152,-97.74435618057613,-0.5641383129074459
BEARDSELL.NS,2025-03-28,24.6200008392334,26.31164636591181,-1.80655905418935,-1.7260590035283019,-0.08050005066104804,Bearish,33.04259998321533,38.399981355667116,Bearish,32.14714077382944,37.16905735858288,Bearish,32.199061208520405,25.373938936438094,28.78650007247925,Lower,19.691433957591627,2.0329986758370056,33.130543808993906,Sell,24.6200008392334,40.08000183105469,144343,73479.45,False,,,False,False,False,False,-7.2692973758474055,-14.066313553073662,-21.54237891116648,8.858323499488094,10.32463711550924,-85.3997641783095,-0.366948120762896
BESTAGRO.NS,2025-03-28,258.0,29.30736624914435,-31.443594900380333,-37.49708532914476,6.053490428764427,Bullish,376.8789987182617,548.0203874969483,Bearish,359.2672002612052,509.4634138735018,Bearish,303.3274185436861,239.27758481324744,271.3025016784668,Middle,56.97257642448144,11.392676909397775,291.0035042374865,Sell,249.10000610351562,565.5999755859375,27021,45171.4,False,,,False,False,False,False,-0.38610038610038533,-0.5013451038056727,-3.65944295731071,19.979309016886855,12.638035320677583,-78.49377730411291,0.1836797136739335
BHARATGEAR.NS,2025-03-28,65.41999816894531,24.605071124422757,-3.710877465492061,-3.319059498827128,-0.39181796666493307,Bearish,80.19960006713868,99.04420043945312,Bearish,79.11126433716618,95.8761121132566,Bearish,79.52622548796322,65.30277307771061,72.41449928283691,Middle,16.644437682362458,3.602610304738188,80.28960890547995,Sell,65.41999816894531,98.9800033569336,53873,33717.05,False,,,False,False,False,False,-0.4564866801361256,-9.690784146700071,-12.376111759894604,4.400652541963088,4.9592477932596,-96.90038321511058,-0.4719021327615201
BIL.NS,2025-03-28,451.0,24.613477221913758,-38.0237995917704,-38.21437164594224,0.1905720541718381,Bullish,601.2720001220703,617.5750001525879,Bearish,581.3811731288213,577.6023304957326,Bullish,560.3357674701164,448.84924229550865,504.5925048828125,Middle,35.72160402911596,24.17001107468791,532.9570727554383,Sell,451.0,786.5,2198,5589.65,False,,,False,False,False,False,-1.9565217391304346,-8.333333333333337,-8.444986924091458,0.08984361361797914,2.0739705977449683,-100.0,-0.46795929075170195
BRNL.NS,2025-03-28,28.969999313354492,22.121347011418486,-2.110363917733899,-1.7049211206075277,-0.40544279712637143,Bearish,38.380799827575686,45.80304991722107,Bearish,37.63670924216358,45.636864366190295,Bearish,38.87107826367293,30.32392162188616,34.59749994277954,Lower,19.905519096420335,2.1322151255602297,38.82516096964253,Sell,28.969999313354492,47.13999938964844,210408,82662.75,True,,,False,False,False,False,-4.766603416511583,-14.743967911637334,-22.144584718779605,3.270917784130005,3.466334201105658,-97.86554025198176,-0.5566945029700467
CEREBRAINT.NS,2025-03-28,4.010000228881836,23.258741578830197,-0.6069468611765894,-0.5789329046488932,-0.028013956527696116,Bearish,6.452599973678589,9.247600011825561,Bearish,6.267809237057105,8.199091350398241,Bearish,6.190291217477246,3.962708708136158,5.076499962806702,Middle,41.39360219435023,0.415972926285663,5.78051887007918,Sell,4.010000228881836,9.489999771118164,485601,261588.1,False,,,False,False,False,False,-4.523799738375334,-14.680842731591193,-27.877692982903756,1.2502595558430336,5.450625996214847,-99.07406395600205,-0.5418989766171797
CHEMFAB.NS,2025-03-28,701.9500122070312,27.333327017849818,-35.736408309349486,-37.316957851497676,1.5805495421481908,Bullish,852.77,909.1462927246093,Bearish,834.0270230412373,845.1508680434197,Bearish,797.9349517304249,710.6200409453563,754.2774963378906,Lower,30.5961522112692,38.739583699055196,860.936981659827,Sell,701.9500122070312,1017.75,16258,8493.35,False,,,False,False,False,False,-2.844288967884945,-7.904749283005086,-10.213606655502128,12.825319977456445,19.13470660035364,-98.31605145717498,-0.27393856670745287
CHEMCON.NS,2025-03-28,165.64999389648438,26.276785820224895,-8.78795584268488,-8.361707051532152,-0.4262487911527284,Bearish,199.02260009765624,239.09924964904786,Bearish,195.88359528857637,230.22314544762605,Bearish,194.94943284473004,165.23156843700826,180.09050064086915,Middle,22.842430390634213,7.519258862019536,199.22600298768094,Sell,165.64999389648438,222.61000061035156,119624,68254.1,False,,,False,False,False,False,-1.3694570369457093,-7.556229901469724,-16.737875628327338,2.4329747897793395,11.634661286771623,-96.7834380489252,-0.5599490243416921
COMPINFO.NS,2025-03-28,1.2599999904632568,13.954794254247583,-0.27335270188326954,-0.22825709877557226,-0.04509560310769728,Bearish,2.2521999883651733,2.907199995517731,Bearish,2.1615592174795095,2.9653841553062104,Bearish,2.3998690108765235,1.2451309700499902,1.8224999904632568,Middle,50.73892992413739,0.15175890998871244,1.9235655886415781,Sell,1.2599999904632568,2.8399999141693115,118389,104547.9,False,,,False,False,False,False,-5.263161668675442,-22.699386862009984,-44.736841830080124,0.0,0.33669997181121364,-100.0,-0.6507232363379074
CTE.NS,2025-03-28,34.16999816894531,16.982494041814515,-8.787862306797422,-8.794011096527004,0.00614878972958266,Bullish,65.5028002166748,94.60174993515015,Bearish,61.86684116755827,85.88340038613943,Bearish,63.68446073006693,29.535539346227015,46.61000003814697,Middle,51.817756136169145,3.285864931003191,46.920875789693,Sell,34.16999816894531,94.7300033569336,84992,77391.75,False,,,False,False,False,False,-4.845451645392284,-14.639022705597228,-48.877917353243724,0.38992110305996475,1.1144735274923714,-99.69835314009626,-0.7808663286777724
CRISIL.NS,2025-03-28,4178.89990234375,28.08102385626666,-183.08586071124046,-191.54578920381,8.459928492569531,Bullish,4818.85798828125,4862.426319580078,Bearish,4722.758211986581,4755.157064610263,Bearish,4581.18886595547,4122.596143810155,4351.892504882812,Middle,31.148345730958955,147.91653373470342,4723.411778359604,Sell,4165.7998046875,5582.89990234375,47036,63290.6,False,,,False,False,False,False,0.3144677677863861,-1.2967052028054593,-8.716789740905206,8.762749702107335,8.670887686279878,-88.91205964265046,-0.42437890189355154
CYBERMEDIA.NS,2025-03-28,12.279999732971191,23.226157273352072,-1.7889367015777307,-1.7814853898265715,-0.007451311751159206,Bearish,19.36459997177124,24.946849961280822,Bearish,18.34895679683355,23.31442185226996,Bearish,16.875076757919068,12.589923108566527,14.732499933242797,Lower,32.53096713102519,1.2154261974904819,16.919879981095313,Sell,12.279999732971191,26.209999084472656,18832,32242.35,False,,,False,False,False,False,-3.3070872645804217,-17.6943721838004,-33.76483750501528,2.968135971729609,4.401959465398425,-96.30391394291739,-0.474656989651262
DAVANGERE.NS,2025-03-28,3.799999952316284,22.561220889198143,-0.3464670391036302,-0.33475923828774445,-0.011707800815885738,Bearish,5.121400022506714,6.501550016403198,Bearish,4.8600927027885445,6.5581408096739295,Bearish,5.009207042397518,3.62279297476862,4.316000008583069,Middle,41.48759184188669,0.22995006529328726,4.72142776221268,Sell,3.799999952316284,6.309999942779541,11313317,3993238.85,True,,,False,False,False,False,-0.5235597192677299,-6.862744525137964,-23.54124521663711,2.5380507041569493,2.625371764413838,-96.59091278541139,-0.5084037711152471
DBSTOCKBRO.NS,2025-03-28,28.239999771118164,5.0721246411388545,-2.5319092896012343,-2.28627970792677,-0.24562958167446425,Bearish,37.52659996032715,44.27230012893677,Bearish,36.408944006662395,43.60298324255123,Bearish,37.72690928241034,27.71109082440119,32.719000053405765,Middle,30.213061530081408,2.282212325734593,37.15743752923173,Sell,28.15999984741211,43.83000183105469,797291,193353.45,True,,,False,False,False,False,0.2840906397000742,-9.660909902916204,-23.489569526242704,8.693053668120358,7.093675389244915,-89.11368935945801,-0.5727736725268555
DELPHIFX.NS,2025-03-28,109.16000366210938,16.66803276022567,-13.694300711223661,-13.723190562928325,0.028889851704663627,Bullish,164.2355992126465,216.5326501083374,Bearish,156.99861867702188,202.28603104167775,Bearish,150.70077053174998,109.43922809495899,130.0699993133545,Lower,69.60320391535775,7.1953622303614315,143.68561202798685,Sell,109.16000366210938,209.88999938964844,14140,18787.3,False,,,False,False,False,False,-5.003915948786986,-13.993062372405108,-30.480193165263803,4.5044783544517575,7.914929544744417,-100.0,-0.09513786073539812
DGCONTENT.NS,2025-03-28,40.08000183105469,27.70924207718837,-2.386668330348428,-2.1601804442321164,-0.22648788611631154,Bearish,48.52599983215332,44.593200025558474,Bullish,47.758349877537135,42.164169923105106,Bullish,50.59970476232294,39.02129514612432,44.81049995422363,Middle,28.008810250350187,1.5053633229974674,44.87234585832201,Sell,40.08000183105469,58.290000915527344,3434,9521.65,False,,,False,False,False,True,-2.0048891546015635,-3.398408749990234,-20.507728507335088,1.3638850578874984,5.9597849632810425,-100.0,-0.5761735709060773
DIGIDRIVE.NS,2025-03-28,27.030000686645508,29.364541243588146,-1.684329527594116,-1.7301548857416542,0.0458253581475383,Bullish,33.31720016479492,40.50180006027222,Bearish,32.953466527721325,38.178593147832615,Bearish,31.124717027686913,27.058283536888283,29.091500282287598,Lower,34.85731400028472,1.8915832609852459,34.15387406635679,Sell,26.989999771118164,41.97999954223633,199877,118428.55,False,,,False,False,False,False,0.14820643151745028,-7.272723703698125,-14.570160530758947,8.898595668090222,15.043496717429328,-89.06808927075362,-0.4194951282274863
DIL.NS,2025-03-28,1.9500000476837158,24.2308399588055,-0.16132190772057742,-0.16342877269418496,0.0021068649736075418,Bullish,2.52039998292923,4.9825499898195265,Bearish,2.5461177856226955,4.823515692421087,Bearish,2.4035535823943412,1.8994464028237072,2.151499992609024,Middle,47.200592469220815,0.12329945594866212,2.396650807226885,Sell,1.9199999570846558,3.259999990463257,1269993,598865.1,True,,,False,False,False,False,1.5625047536257375,-6.698558480144234,-20.731706607916188,9.532294537117293,13.858465849720114,-82.14285486206741,-0.2504415455796918
DISHTV.NS,2025-03-28,5.630000114440918,29.92239676763175,-0.39732289465012993,-0.4257061532400085,0.028383258589878557,Bullish,7.250399971008301,11.854249982833862,Bearish,7.277473069654915,11.457122159173544,Bearish,6.793019408749369,5.6109805397522186,6.201999974250794,Middle,37.42512684911893,0.36604986735866474,7.14876323054839,Sell,5.630000114440918,9.100000381469727,34613278,23879327.7,False,,,False,False,False,False,-3.430528505701924,-12.577638751281961,-15.71855899521557,6.443731232359924,17.709386856027905,-93.04348258755977,-0.3896562093868954
DPWIRES.NS,2025-03-28,194.07000732421875,23.370376488918755,-17.37744227708953,-17.387397042425732,0.009954765336203764,Bullish,258.0263998413086,369.18084983825685,Bearish,254.83138794215787,358.9494847229915,Bearish,246.93870089555512,190.70830075239408,218.8235008239746,Middle,21.401175266590492,13.665697016181959,251.51312039022264,Sell,194.07000732421875,326.3500061035156,53867,37890.95,False,,,False,False,False,False,-2.039267716766502,-8.887320505061624,-19.339151121749275,3.207525657575172,4.3770108445357465,-94.41715399610136,-0.5791563815744649
DUCON.NS,2025-03-28,4.699999809265137,28.759197808618318,-0.3401840835820984,-0.3086679479798361,-0.031516135602262296,Bearish,6.179200010299683,7.909932246208191,Bearish,6.105951917205801,7.3952040659763805,Bearish,6.113622465617014,4.808377561085867,5.46100001335144,Lower,22.447040129381968,0.42497592708171794,6.549415248231933,Sell,4.699999809265137,7.440000057220459,1131790,1008787.0,False,,,False,False,False,False,-3.490761402234188,-16.66666807575996,-20.068032010369752,4.3446838306722695,8.76700641469194,-92.8143784385097,-0.4852224060242532
ESAFSFB.NS,2025-03-28,24.59000015258789,29.32722499566733,-1.6308929669456447,-1.5996345163079184,-0.031258450637726254,Bearish,31.435000076293946,42.61927711486816,Bearish,30.856738720616363,41.84073129264967,Bearish,30.256023171561374,24.47097668348013,27.363499927520753,Middle,33.93852117250289,1.3709114285129793,30.366444001482,Sell,24.59000015258789,37.790000915527344,2272986,1219375.3,False,,,False,False,False,False,-0.8467705279556537,-12.739531986195619,-17.17750181789144,6.637712295634185,11.903415711831537,-95.6521636114044,-0.3756545256891209
ESSENTIA.NS,2025-03-28,2.109999895095825,29.689364299729274,-0.13121012133607213,-0.11443940654021381,-0.016770714795858316,Bearish,2.6930000019073486,3.441750009059906,Bearish,2.651446111868456,3.278588852211837,Bearish,2.704336184918239,2.130663805545018,2.4174999952316285,Lower,23.575873814781556,0.15754131392309004,2.8173032726071585,Sell,2.109999895095825,3.1600000858306885,8064652,3999591.05,True,,,False,False,False,False,-2.3148235531497363,-14.574904022044166,-16.269844798964883,4.313331614596671,13.360045764816794,-96.72131531983649,-0.41653911252003684
EVERESTIND.NS,2025-03-28,436.0,29.289996096967787,-35.095462171831116,-36.4970276782879,1.4015655064567838,Bullish,567.5990014648437,898.7235195922851,Bearish,565.2199345370495,854.1615550253913,Bearish,540.8812154135857,428.37878214500813,484.6299987792969,Middle,30.16237705859242,29.796353271319454,561.9476265814234,Sell,436.0,705.6500244140625,40439,19985.55,True,,,False,False,False,False,-3.3045007979984664,-8.604965694031986,-22.681329823839057,6.180986732495787,11.091140756142673,-95.21531193631319,-0.27467564174127385
EXPLEOSOL.NS,2025-03-28,796.2000122070312,25.243667083679274,-52.32993484299925,-57.479613622211765,5.149678779212515,Bullish,1017.671044921875,1196.86865234375,Bearish,991.1241704052256,1150.7543030700094,Bearish,921.8337725560407,805.78122378185,863.8074981689454,Lower,42.493525131743034,36.273793647209736,958.246372297171,Sell,796.2000122070312,1256.99560546875,90896,49230.2,False,,,False,False,False,False,-3.2798833332876143,-9.347600674826605,-15.535989859870048,7.099648660335184,15.36780669516557,-97.02125350916076,-0.32028989749582865
EXXARO.NS,2025-03-28,5.809999942779541,21.266213718000913,-0.6730331607922162,-0.6153136660392627,-0.05771949475295346,Bearish,8.101400003433227,8.81750503540039,Bearish,7.642074280490393,8.713515353874975,Bearish,8.155527791324515,5.350472202953439,6.752999997138977,Middle,54.39308727845918,0.4220367270351523,7.2493382845731045,Sell,5.619999885559082,9.989999771118164,1330725,929242.9,False,,,False,False,False,False,3.3807840051505167,-6.591637640545267,-26.548671872852424,9.081295675802158,6.763218010359975,-83.78377972016105,-0.5661440713413618
FELDVR.NS,2025-03-28,3.4200000762939453,27.10536418696878,-0.25208527859903196,-0.22328483441926514,-0.02880044417976682,Bearish,4.428999991416931,5.157049995660782,Bearish,4.335188915912166,4.938406117177175,Bearish,4.434988282261094,3.4800117988012222,3.9575000405311584,Lower,47.13472362900893,0.30409585166061665,4.7174617966791,Sell,3.4200000762939453,4.989999771118164,13875,108153.35,False,,,False,False,False,False,-4.2016767438032065,-12.977098773539664,-23.14606240716409,9.791175248560256,15.597637061756396,-97.22222406187228,-0.41694621347859157
FLFL.NS,2025-03-28,1.2400000095367432,14.410263139778909,-0.13695792826113773,-0.12185891059768637,-0.015099017663451356,Bearish,1.7563999891281128,2.1779999816417694,Bearish,1.7048306047201693,2.0417493061177163,Bearish,1.7793570930163127,1.2336428707440634,1.506499981880188,Middle,53.094928430588496,0.08635989302449938,1.595566725544296,Sell,1.2400000095367432,2.0799999237060547,128616,168225.95,False,,,False,False,False,False,-4.615380383101986,-10.144926534683552,-29.545453621828845,3.9341043435513385,7.086537865026593,-97.5000022351743,-0.35048766282773913
FLEXITUFF.NS,2025-03-28,29.020000457763672,21.346884592809488,-4.02265282652148,-4.2177921625478465,0.1951393360263669,Bullish,44.38020011901855,58.468650102615356,Bearish,42.37811300170609,51.11774645514594,Bearish,38.604935621409325,28.53606474480161,33.570500183105466,Middle,33.3233302723995,1.3469766754871852,33.928598246409095,Sell,29.020000457763672,60.5,11122,14312.65,False,,,False,False,False,False,-2.0256595694453594,-9.67942890433896,-19.45600488213506,0.0,0.738150185419343,-100.0,-0.11170161469077293
FSC.NS,2025-03-28,1.559999942779541,24.452634683025,-0.08484085727625978,-0.06547842733647967,-0.019362429939780115,Bearish,1.9497999715805054,2.4906999880075453,Bearish,1.9040099286968253,2.8201038194950248,Bearish,1.9974602922551647,1.5885397091753468,1.7930000007152558,Lower,32.93809266438842,0.10203613007527741,2.0686415630517367,Sell,1.559999942779541,2.359999895095825,712102,92725.0,True,,,False,False,False,False,-4.878051439826525,-10.857146126883366,-13.333334216365134,4.482319463701944,6.0617118675305655,-97.9166687362723,-0.555440232914354
GANGAFORGE.NS,2025-03-28,4.28000020980835,24.39647324397295,-0.3511085595699699,-0.30586762471291573,-0.04524093485705416,Bearish,5.838199987411499,7.121600000858307,Bearish,5.661548438977763,6.983567134233273,Bearish,5.772918355919384,4.410081684134936,5.09150002002716,Lower,29.639839905415446,0.2886622577741733,5.582285657715475,Sell,4.28000020980835,7.239999771118164,588986,399808.45,False,,,False,False,False,False,-4.464281437804518,-14.056221015745486,-23.57142352328,1.8295646875892289,4.195343364996722,-98.22483971641451,-0.22040322485356176
GENSOL.NS,2025-03-28,184.5,9.372410883206413,-95.78008359870438,-98.3737646341076,2.593681035403222,Bullish,518.4659979248047,787.5337510681152,Bearish,458.80945102303474,734.0305318614202,Bearish,486.3111939567425,101.68879688798407,293.99999542236327,Middle,66.1441699841615,23.063889284123764,263.3389007635691,Sell,184.5,771.4000244140625,160060,878953.5,False,,,False,False,False,False,-4.994849176453597,-22.592827658719894,-66.72978017107454,0.0,0.058529326574258515,-100.0,-0.3702103504081815
GFLLIMITED.NS,2025-03-28,51.099998474121094,29.215671114142836,-3.121027206336251,-3.435998803509306,0.3149715971730549,Bullish,64.12119956970214,80.61424989700318,Bearish,63.95228177693216,75.61270943167918,Bearish,60.20369482932153,51.010303583764404,55.606999206542966,Middle,39.48377852150792,3.7703523041328526,67.12459569947993,Sell,51.099998474121094,78.48999786376953,283882,144832.9,False,,,False,False,False,False,-2.7962739761017263,-8.684776071949718,-14.276131603918596,15.583915984440234,32.294191219300565,-89.63243722108848,-0.5023262148647031
GOCOLORS.NS,2025-03-28,672.9000244140625,27.61245471643819,-36.42997711051305,-41.55677244298583,5.126795332472781,Bullish,806.5830017089844,1045.1837509155273,Bearish,793.4936477446682,986.0694581346826,Bearish,733.5769227559956,663.3430967752545,698.460009765625,Middle,42.53899424770847,26.793673348708516,780.8034052687649,Sell,672.9000244140625,979.3499755859375,33079,105373.7,False,,,False,False,False,False,-0.5321471671748013,-2.3154462854278135,-7.5750242845397775,15.451675099624874,19.55385106249183,-88.39356939064442,-0.12528015579148932
GODHA.NS,2025-03-28,0.7300000190734863,28.122850630449133,-0.03649117531355661,-0.030380772290457478,-0.006110403023099134,Bearish,0.9013999938964844,0.951849997639656,Bearish,0.8843468555962897,0.9045092182903796,Bearish,0.9180970991743018,0.7249029015409538,0.8215000003576278,Middle,36.60161156514235,0.022217114280881342,0.814823682220836,Sell,0.7300000190734863,1.1799999475479126,1139867,1245077.1,False,,,False,False,False,True,-2.6666641235351562,-9.876541120398075,-12.04818870457489,0.0,4.040403766737154,-100.0,-0.20004256474690194
GREENPANEL.NS,2025-03-28,226.89999389648438,29.88967348524141,-18.714574221532786,-21.493439471961086,2.7788652504283,Bullish,295.3274838256836,345.22419090270995,Bearish,282.5784452667868,325.04716799465865,Bearish,263.92219336405833,215.86780755146904,239.89500045776367,Middle,32.109645047950075,12.36698710667537,276.23406601398835,Sell,226.89999389648438,376.13177490234375,211956,226292.8,False,,,False,False,False,False,-2.282516417491254,-2.113895207404004,-20.581034581103797,19.068242780205754,25.0150383679519,-91.22429397920837,-0.24484846653808146
GSS.NS,2025-03-28,32.630001068115234,23.55201445379105,-4.02742393290027,-3.737967264134774,-0.2894566687654958,Bearish,47.49919975280762,69.35089998245239,Bearish,46.29650803180954,71.41510522775638,Bearish,45.85069330196309,32.65130598087383,39.25099964141846,Lower,18.86376663076292,2.7946967881193503,44.23136322607117,Sell,32.630001068115234,59.15999984741211,89589,172924.8,False,,,False,False,False,False,-2.188247988250369,-15.728305683347033,-32.624404578770935,4.837812817192616,5.982935868057784,-97.55407234143799,-0.586305952810409
GVKPIL.NS,2025-03-28,3.0999999046325684,13.77262494018268,-0.2622928671083602,-0.22364122677413786,-0.03865164033422233,Bearish,4.1154000234603885,5.841450003385543,Bearish,4.004414858044832,6.131647142934373,Bearish,4.166241593124509,3.09475844406879,3.630500018596649,Middle,54.59013644153697,0.0981958787175248,3.4691756081499623,Sell,3.0999999046325684,4.869999885559082,901066,1230471.2,False,,,False,False,False,True,-2.208207254783867,-10.14493154242514,-21.71717487954443,0.0,0.0,-100.0,-0.4420698910803984
HARDWYN.NS,2025-03-28,11.260000228881836,26.97364156630918,-0.8102679158297832,-0.8634274114670705,0.05315949563728728,Bullish,14.181200046539306,21.006056790351867,Bearish,14.214356890187798,19.39637883033735,Bearish,13.224678008989667,11.035322124524736,12.130000066757201,Middle,39.45646089760095,0.7143954829552694,14.087655262714575,Sell,11.260000228881836,17.979999542236328,476497,331023.35,False,,,False,False,False,False,-0.26571951348587364,-5.931495591546954,-14.307458640183846,11.103572749718618,11.77545234481483,-76.38887662455782,-0.10393135052547693
HAPPSTMNDS.NS,2025-03-28,596.7000122070312,26.408764179882834,-20.55026891137527,-14.19419202455931,-6.356076886815959,Bearish,682.2309973144531,756.8752319335938,Bearish,678.3378173351578,745.3926847953182,Bearish,722.4977637350742,600.4522423684414,661.4750030517578,Lower,18.48639726336433,22.83573043755842,694.5441111945353,Sell,596.7000122070312,721.5,971680,660248.95,False,,,False,False,False,False,-2.27644348750059,-9.081209308926342,-14.775406498572341,3.5879748445020216,3.9519573741905187,-94.32202355336334,-0.5074877805432866
HDIL.NS,2025-03-28,2.549999952316284,27.13151703256724,-0.20933216155315026,-0.2091032170388252,-0.00022894451432506346,Bearish,3.5,4.012650012969971,Bearish,3.3205692384154673,3.9363262404598407,Bearish,3.3539650655073165,2.52403493163166,2.9389999985694883,Middle,42.99845610878178,0.16070534983187043,3.289151277247719,Sell,2.549999952316284,4.440000057220459,466221,398145.85,False,,,False,False,False,True,-4.135343231767319,-17.475727406231854,-25.438599548817255,11.752367216690802,28.150904645467364,-95.89041498548913,-0.4376083854070648
HESTERBIO.NS,2025-03-28,1254.5,23.283924253359594,-98.71853302836075,-109.69730505891425,10.9787720305535,Bullish,1686.178994140625,2275.8824462890625,Bearish,1652.7540337310943,2029.9524223806986,Bearish,1505.218496938105,1273.29151282752,1389.2550048828125,Lower,41.953746354381934,76.80470525182727,1600.6798887475186,Sell,1254.5,2223.64990234375,59870,22484.95,True,,,False,False,False,False,-5.984185337199399,-9.683225341972646,-19.645142247260416,24.412705075998502,36.93289726450083,-95.7379893623155,-0.3823939695860444
HGS.NS,2025-03-28,465.54998779296875,29.25899547153414,-25.70831543535803,-24.725526556199686,-0.9827888791583455,Bearish,562.8710015869141,729.0083619689941,Bearish,556.8521268149126,700.804288018814,Bearish,550.5898355530063,456.9551687194546,503.77250213623046,Middle,28.109685660012524,21.40167797177709,553.0865051035661,Sell,462.6499938964844,647.7000122070312,95056,61249.15,False,,,False,False,False,False,0.25842180977286855,-11.391327339171674,-13.53083828337044,4.855499471539791,11.379770597203398,-93.36495495762611,-0.41362575971327215
HMAAGRO.NS,2025-03-28,28.110000610351562,28.726178817664078,-1.2480704957838746,-1.0817338917459371,-0.16633660403793749,Bearish,34.27919979095459,44.094247045516965,Bearish,34.01070027415206,43.67550846287108,Bearish,33.89434003078922,29.133660419345055,31.51400022506714,Lower,33.38095374600838,1.5130725433338637,34.93242892479279,Sell,28.110000610351562,39.5,565429,543174.05,False,,,False,False,False,False,-3.6668940494645197,-13.85228412444166,-14.688922732990296,2.9462772363002667,14.36446256892256,-98.09357709489339,-0.10956199898121417
HTMEDIA.NS,2025-03-28,16.43000030517578,29.873460697604056,-0.6419773484121336,-0.5638825935504242,-0.07809475486170936,Bearish,19.480199928283692,23.619649934768677,Bearish,19.38381310234821,23.053146853881643,Bearish,19.276227403951125,16.676772664713425,17.976500034332275,Lower,14.393433005020993,0.9684867694890208,20.67552508868207,Sell,16.43000030517578,22.559999465942383,755127,371069.05,True,,,False,False,False,False,-2.8385543853791773,-12.420042085708072,-13.617245479774386,9.520523492216885,21.66907014887288,-93.88376957365223,-0.33516379247281275
IEL.NS,2025-03-28,15.0600004196167,29.69156309786599,-0.8550992573102825,-0.7845288984938803,-0.07057035881640217,Bearish,18.59080005645752,15.609800033569336,Bullish,17.748380120570793,15.73155872047474,Bullish,19.006760031382726,14.596240323384121,16.801500177383424,Middle,24.98102145895583,0.4798967047301425,16.679362735857538,Sell,15.0600004196167,23.559999465942383,35656,57290.15,False,,,False,False,False,True,-2.01691261060869,-7.88990783948268,-22.13029834127733,0.0,4.859467900497042,-100.0,-0.3740816092370518
IMPEXFERRO.NS,2025-03-28,1.8600000143051147,23.74285817446679,-0.18091920987062426,-0.16359633655014583,-0.017322873320478438,Bearish,2.6098000168800355,3.193500011563301,Bearish,2.5000841830789335,3.0973530788278234,Bearish,2.582205397556159,1.8867946439286736,2.2345000207424164,Lower,40.732560628563434,0.12790934812380603,2.3718526057184253,Sell,1.8600000143051147,3.2300000190734863,33509,25987.25,False,,,False,False,False,True,-5.102041933448131,-13.084115741741886,-24.081633546758507,4.242420564341166,10.303031003617575,-100.0,-0.4927535270697641
INDBANK.NS,2025-03-28,28.1200008392334,29.91023640518965,-1.4399042616284063,-1.4294696526128652,-0.010434609015541163,Bearish,34.50819999694824,44.21930000305176,Bearish,34.264298049270764,42.29714672131358,Bearish,33.15983409103438,28.215166099700493,30.687500095367433,Lower,33.00078366501198,1.3734036885967347,33.9880364695149,Sell,28.1200008392334,42.81999969482422,105503,69748.15,False,,,False,False,True,False,-1.7813424257171584,-10.673439491302595,-11.794223401864068,4.122388125614788,16.152251493213427,-97.32737651727615,-0.3987806434384239
INDIGOPNTS.NS,2025-03-28,942.7000122070312,28.872540079813934,-42.358986265650515,-44.077078050484786,1.7180917848342716,Bullish,1109.572999267578,1373.1729275512696,Bearish,1101.3672090806767,1301.4572690484028,Bearish,1056.2823463841203,939.4176597193953,997.8500030517578,Middle,29.213247253654046,37.5337858498926,1097.1085470383978,Sell,942.7000122070312,1281.699951171875,138625,109943.4,False,,,False,False,False,False,-0.18529302529315395,-5.203881478682748,-11.450306798270837,2.6243013945413,9.093868299648392,-98.04642452673556,-0.34982360623098685
INDUSINDBK.NS,2025-03-28,649.8499755859375,25.97939247945067,-87.72510718354181,-83.78060263697401,-3.9445045465677993,Bearish,916.5870031738282,1171.3609838867187,Bearish,870.3600966490587,1148.1624663726209,Bearish,1055.6561605696081,490.2638345475794,772.9599975585937,Middle,49.22060289500727,38.77039119482614,807.9937356859165,Sell,637.0499877929688,1079.0999755859375,8807815,24094850.7,False,,,False,False,False,False,-3.518671611098889,-5.393805140672303,-37.914397066860296,15.177729541230052,13.527793622381674,-85.73288463669432,-0.1779142571597211
INFOBEAN.NS,2025-03-28,291.25,29.537213730059115,-10.312819645936372,-10.594205585254347,0.28138593931797473,Bullish,337.2090002441406,409.11721954345705,Bearish,337.3003087376669,389.3055326404112,Bearish,323.9002011314382,295.87980375137425,309.89000244140624,Lower,28.138664680646855,12.206553071718314,341.62568717772604,Sell,291.25,413.8999938964844,24399,25235.35,False,,,False,False,False,False,-3.0298005389017058,-7.2008939506158836,-8.050513022888717,11.192299627550668,20.020499936409987,-95.68221252875186,-0.1959798329090674
JAYAGROGN.NS,2025-03-28,213.17999267578125,28.970987364218885,-9.655150929595038,-7.750812888970188,-1.9043380406248502,Bearish,258.79040069580077,287.90594604492185,Bearish,254.66221840162117,272.5503776785041,Bearish,262.75741163101355,219.13958849105677,240.94850006103516,Lower,16.42027190189581,12.043765970429886,267.0320488412593,Sell,213.17999267578125,288.0,33353,15819.9,True,,,False,False,False,False,-3.3153488299992095,-14.064584036085215,-17.16340096373169,9.730849487071167,16.39891673301447,-95.69182554918052,-0.3232208833616791
JHS.NS,2025-03-28,11.180000305175781,27.257542088407668,-1.09683611875524,-1.1797288578158636,0.08289273906062355,Bullish,15.689400062561035,22.051150026321412,Bearish,15.249993760101802,19.811447630820133,Bearish,14.135835314385245,11.19016470850294,12.663000011444092,Lower,39.000533942897285,0.8706528015602418,14.818586602725436,Sell,11.180000305175781,20.40999984741211,404804,211703.8,False,,,False,False,False,False,-4.6075081019595014,-9.031730350875334,-17.9750534753802,4.640367201182876,7.340817744921078,-98.59550004955892,-0.40682777337118176
JPASSOCIAT.NS,2025-03-28,3.119999885559082,28.30712000783545,-0.3097224437811983,-0.2570782781154416,-0.05264416566575669,Bearish,4.421000003814697,6.857199983596802,Bearish,4.4504960914079765,7.853880387707197,Bearish,4.726484754893796,3.1355152813458287,3.931000018119812,Lower,34.29877129590871,0.25064322650146026,4.131650346518235,Sell,3.119999885559082,5.539999961853027,7411641,10690310.05,False,,,False,False,False,True,-5.167175631157028,-22.38806218004019,-23.902440045576334,3.10559223894658,11.525194354346409,-100.0,-0.32886653379073455
KAMOPAINTS.NS,2025-03-28,9.100000381469727,23.92818174783737,-0.9961632329460226,-0.9602522281398127,-0.0359110048062099,Bearish,12.895799961090088,26.932670006752016,Bearish,12.822392757314413,24.72587675013478,Bearish,12.24822603736165,8.909773955008955,10.578999996185303,Middle,48.80020846791056,0.435374837847326,10.543876991439808,Sell,9.100000381469727,17.100000381469727,272690,892260.4,False,,,False,False,False,False,-2.0452053946553805,-9.811692330492662,-20.524012811719285,0.0,0.31110975477430397,-100.0,0.13408760473936707
KANANIIND.NS,2025-03-28,1.649999976158142,11.723362586504772,-0.13095594257034815,-0.08749657710092609,-0.04345936546942206,Bearish,2.390000002384186,2.7555499881505967,Bearish,2.352481232747983,2.807570212945096,Bearish,2.566708613990839,1.8772914274939936,2.222000020742416,Lower,44.191267548255546,0.155848816502023,2.442625238772901,Sell,1.649999976158142,2.680000066757202,2138851,443392.55,True,,,False,False,False,False,-16.66666867355704,-25.339368883376856,-30.672273242905245,6.336694500241218,7.470173188038793,-94.44444959546327,-0.3619245413414822
KBCGLOBAL.NS,2025-03-28,0.9800000190734863,28.791125579903603,-0.0583917267836338,-0.06415142374148891,0.005759696957855109,Bullish,1.2019999885559083,1.8018500000238418,Bearish,1.2411217832665016,1.6558384282078735,Bearish,1.1287210902632265,0.9882788816033808,1.0584999859333037,Lower,41.24121437780705,0.03222329034977748,1.0911894844730352,Sell,0.9800000190734863,1.5800000429153442,2723927,3396959.25,False,,,False,False,False,True,-2.970294225053449,-6.666660611591368,-14.78260527035683,5.5555500366071895,17.592575115922763,-100.0,-0.6684360873625312
KEEPLEARN.NS,2025-03-28,2.690000057220459,27.89086304082491,-0.253076603142941,-0.24079488121457543,-0.012281721928365574,Bearish,3.6273999977111817,4.387199996709824,Bearish,3.546100113690687,3.98167829462308,Bearish,3.76991781313633,2.537082156346092,3.153499984741211,Middle,23.741163192346693,0.23640445229716336,3.7507230948109207,Sell,2.690000057220459,4.429999828338623,32759,64186.4,False,,,False,False,False,False,-5.281685263456315,-9.731542281774598,-33.58024862876946,6.887558773143255,10.540768324783633,-100.0,-0.40242686108268194
KESORAMIND.NS,2025-03-28,4.190000057220459,4.662786833996067,-40.055872696348295,-45.76252932900402,5.706656632655722,Bullish,135.71571080207823,194.23642754793167,Bearish,104.27243815136026,172.89763731733046,Bearish,99.08437340855127,-64.9868176281405,17.048777890205383,Middle,76.52165313279382,5.68111460889833,21.39247021646547,Sell,4.190000057220459,221.7899932861328,29850842,13428590.85,True,,,False,False,False,False,-5.2036202512090295,-34.633382886708254,-97.92522895739666,0.0,0.0,-100.0,-0.16784393778216805
KREBSBIO.NS,2025-03-28,66.37000274658203,27.91134183235406,-4.576025791620808,-4.016352741523664,-0.5596730500971434,Bearish,86.7647998046875,87.64724983215332,Bearish,83.42097794029458,84.10246472099824,Bearish,86.48205247347195,67.74394697721164,77.1129997253418,Lower,31.114146871782722,4.691368456861277,87.19109344380239,Sell,66.37000274658203,103.8499984741211,14830,5365.95,True,,,False,False,False,False,-4.65450055359965,-12.671049017655223,-14.801025100707522,7.0662394418849175,15.773708016512193,-98.7424545546302,-0.34156264842597484
KRIDHANINF.NS,2025-03-28,3.1700000762939453,29.52845278721356,-0.229474627117511,-0.20916455755322133,-0.020310069564289657,Bearish,4.144000000953675,4.577000000476837,Bearish,4.1383820496399695,4.413203578430626,Bearish,4.114042633066775,3.2989573783773163,3.706500005722046,Lower,22.472064023671283,0.2277058493596547,4.147450222600909,Sell,3.1700000762939453,5.389999866485596,197500,83094.05,True,,,False,False,False,True,-5.089815636047601,-12.672176959912317,-18.92583103050056,3.3333299273538732,12.58232112969877,-100.0,-0.436637930160783
KSHITIJPOL.NS,2025-03-28,2.809999942779541,27.38474260549206,-0.2101914031643055,-0.18594007461490658,-0.02425132854939893,Bearish,3.645199999809265,5.452299995422363,Bearish,3.633528353146787,5.0156730554959985,Bearish,3.6808063206407327,2.8381936850813134,3.259500002861023,Lower,34.288265830583704,0.19343938434590985,3.6260030137403274,Sell,2.809999942779541,4.25,500919,305938.5,False,,,False,False,False,False,-3.436430931327672,-15.105740442404048,-23.43324565766367,10.147921467701618,17.29686534712978,-94.11765200869078,-0.1946045340602661
LAKPRE.NS,2025-03-28,3.940000057220459,26.318512579165876,-0.32649580053653526,-0.25775707485938654,-0.06873872567714873,Bearish,5.042799997329712,5.800149981975555,Bearish,5.00785348139822,5.368724816722286,Bearish,5.687471687611223,3.694528424922347,4.691000056266785,Middle,27.576081931643948,0.209844670936298,4.832669516390548,Sell,3.880000114440918,5.730000019073486,20000,3844.8,True,,,False,False,False,False,1.5463902322123246,-13.215857041277923,-26.90166688650718,1.6550163202373493,4.081471664803863,-95.80419930195033,-0.1046515934007414
LASA.NS,2025-03-28,16.850000381469727,26.73924789430178,-1.5024085054098961,-1.1300813035622457,-0.37232720184765045,Bearish,23.152599906921388,25.602800006866456,Bearish,22.496605846075088,24.623233956363304,Bearish,24.750122633286104,16.864876947097194,20.80749979019165,Lower,25.272059858859343,1.6590967364840863,23.916736692517915,Sell,16.850000381469727,28.479999542236328,172603,131511.55,False,,,False,False,False,False,-2.3754336151516453,-16.377167739625232,-21.737111732089552,2.417172277097522,5.527570473398588,-99.37732079534769,-0.4653238813705694
LIBAS.NS,2025-03-28,10.649999618530273,28.101669644631013,-0.6238160379383473,-0.533619784961382,-0.09019625297696532,Bearish,13.262799892425537,16.53574995517731,Bearish,13.152334197011408,16.071715607025858,Bearish,13.469037750137867,10.75596196375984,12.112499856948853,Lower,25.91482213473883,0.8130350109305544,14.101244594996768,Sell,10.649999618530273,15.960000038146973,182537,86476.55,True,,,False,False,False,False,-1.205938011698704,-12.4177651959691,-15.476196062717861,3.68248116605891,12.997951389060567,-96.2732957885805,-0.2552149670110068
LOVABLE.NS,2025-03-28,76.44999694824219,28.22595352534558,-4.760588435245992,-4.821410809484274,0.060822374238281185,Bullish,96.3363996887207,128.81910003662108,Bearish,95.64004055452413,119.7047426011351,Bearish,93.79181060234004,75.98718872627325,84.88949966430664,Middle,41.67247066953345,4.719908091380323,95.2384633040714,Sell,76.44999694824219,118.2300033569336,76578,40447.75,False,,,False,False,False,False,-2.661069446043207,-12.38827059746307,-18.357542239910074,6.4790090990003675,21.933006083913693,-97.53394540982612,-0.4941661634457675
MAANALU.NS,2025-03-28,76.25,28.319673244821523,-5.540953691128607,-5.099833323062388,-0.441120368066219,Bearish,100.13460006713868,137.16410026550292,Bearish,100.00904346458273,128.88224925747036,Bearish,99.6256331687407,77.05336768575148,88.3395004272461,Lower,33.24346413321461,5.320505161998623,100.24892349038933,Sell,76.25,119.9000015258789,149710,133884.15,False,,,False,False,False,False,-4.075981822671904,-14.613664732121112,-17.780890924746974,3.281376472439375,7.510177260569265,-97.0957692784472,-0.2434977503520831
MARSHALL.NS,2025-03-28,10.739999771118164,10.275193867169591,-1.8518278786894982,-1.4553219644371793,-0.39650591425231885,Bearish,17.470000019073485,27.323149943351744,Bearish,17.21314591462776,24.862521287065324,Bearish,19.51669340661997,10.604306787929588,15.06050009727478,Middle,51.42850247824389,0.580480173110988,12.93520566287488,Sell,10.739999771118164,21.65999984741211,13345,27504.55,False,,,False,False,False,True,-5.039793345276045,-22.67818930414115,-43.174603238678046,0.0,0.024260618549516947,-100.0,-0.5391382020506957
MEGASOFT.NS,2025-03-28,49.060001373291016,27.712487455343023,-4.335531121037249,-4.360186511651803,0.02465539061455413,Bullish,66.20059959411621,69.2715499305725,Bearish,63.40730608529526,68.49023731295503,Bearish,61.83782754378323,48.27917151017186,55.05849952697754,Middle,33.810214253544174,2.1561749371041823,57.4193839663458,Sell,49.060001373291016,90.33999633789062,87108,103197.85,False,,,False,False,False,False,-2.0171726137190427,-9.148145605016634,-18.042096770698844,0.5128126878004713,1.9966495193205358,-100.0,-0.014468399692507494
MEP.NS,2025-03-28,1.3200000524520874,11.737828969494167,-0.3571806178329009,-0.34682588371071554,-0.01035473412218535,Bearish,2.5024000072479247,4.818650009632111,Bearish,2.3291888051543994,4.824902094260894,Bearish,2.514973023687566,1.0310269801271312,1.7730000019073486,Middle,56.21103966691911,0.09099753487880237,1.616292461847154,Sell,1.3200000524520874,3.25,88943,319056.15,False,,,False,False,False,False,-2.222220063700142,-10.204079812158607,-51.291511665266654,0.0,0.0,-100.0,-0.821494001360677
METROBRAND.NS,2025-03-28,1013.2999877929688,28.922936802804387,-33.69642461886701,-29.886964951283808,-3.809459667583205,Bearish,1151.5705126953126,1223.943539428711,Bearish,1132.6560445665054,1183.9340458778872,Bearish,1164.0845558621106,1009.5807273410144,1086.8326416015625,Middle,30.192527835346482,42.041972335456386,1188.2328100681798,Sell,1011.2000122070312,1313.229248046875,127120,97442.05,False,,,False,False,False,False,0.20767163376058662,-5.638589111102799,-12.558906669461656,13.240112296508782,14.365621647310624,-81.82884112400082,-0.253440768227884
MIRCELECTR.NS,2025-03-28,11.15999984741211,27.286630787126438,-1.3577816181694828,-1.338906025932936,-0.01887559223654689,Bearish,16.968200035095215,21.44154996871948,Bearish,16.200267335480792,20.265709635520608,Bearish,16.01801581135534,11.141984226791632,13.580000019073486,Middle,33.54896148634826,1.0451179860872661,15.397287600419727,Sell,11.15999984741211,23.3700008392334,842052,935750.8,False,,,False,False,False,False,-4.370181881299507,-17.759763460652955,-23.298971126347034,1.2024688115707443,8.6099748127456,-98.51024373922677,-0.40412524595478516
MITTAL.NS,2025-03-28,1.6299999952316284,25.4294670784484,-0.12304038672503759,-0.10088006001863835,-0.02216032670639924,Bearish,2.0838000130653382,2.1144789361953737,Bearish,2.0109451128475833,2.0438634235872604,Bearish,2.173194523065956,1.6038054392639085,1.8884999811649323,Middle,42.96840053481316,0.11365149140263335,2.0759152272733603,Sell,1.6200000047683716,2.390000104904175,2928044,3372941.15,False,,,False,False,True,False,0.6172833601125083,-8.93854581179796,-24.186050096287836,5.33798933240115,5.881888999191729,-90.90910076109702,-0.398260826407655
MOLDTKPAC.NS,2025-03-28,421.25,29.723806749604282,-24.762167543077794,-26.105173009347933,1.3430054662701387,Bullish,503.6079998779297,680.3327165222167,Bearish,502.4915868664101,655.1691438616898,Bearish,481.0863357343279,410.25866853813307,445.6725021362305,Middle,37.980206586752715,18.810201727512066,498.505133028401,Sell,421.25,572.0,119030,126053.5,False,,,False,False,False,False,-0.6368704161548,-4.856013551665727,-12.449339012019479,4.159229716644883,7.43498181781824,-96.79438877258218,-0.33636568017621027
MORARJEE.NS,2025-03-28,4.630000114440918,18.87213338942021,-0.6128157664515763,-0.5826461194119918,-0.03016964703958447,Bearish,7.098599939346314,10.8155499958992,Bearish,6.935538148186662,10.87327643233116,Bearish,6.694167985608233,4.771831999132979,5.732999992370606,Lower,38.76615695323923,0.42686476928156397,6.416858676448155,Sell,4.630000114440918,9.699999809265137,50126,23030.25,True,,,False,False,False,True,-3.541668115390617,-15.97096330102149,-31.407405711986403,1.2089840740492737,5.827319903140757,-96.37304777785218,-0.3528295953216594
NAGAFERT.NS,2025-03-28,4.230000019073486,22.63705374587484,-0.750976557848019,-0.6667969817612842,-0.08417957608673476,Bearish,7.131400032043457,9.830550003051759,Bearish,6.804276777412267,9.19690288696769,Bearish,7.57350703119859,3.8834930336512645,5.728500032424927,Middle,32.323254675826526,0.5109987332398092,6.343535110295859,Sell,4.230000019073486,9.15999984741211,3971087,4525203.6,False,,,False,False,False,False,-2.9816539096325756,-20.03780624618823,-35.61643974807032,1.8041325986268728,2.7284014488539476,-98.99999300638834,-0.40975551809333166
NAGREEKCAP.NS,2025-03-28,23.799999237060547,25.92802065715884,-1.8852366319685565,-1.5394053619028096,-0.3458312700657469,Bearish,31.51080005645752,30.01940002441406,Bullish,30.371201499052887,28.656160406845096,Bullish,32.27275202100002,23.796247841670887,28.03449993133545,Middle,38.78581029586712,2.042695864380734,32.370430681352076,Sell,23.799999237060547,37.529998779296875,2827,4809.8,False,,,False,False,False,False,-2.8571459711814406,-12.241893434494077,-13.830562947509584,5.348468805313772,7.018641150317568,-97.47156941278257,-0.5243864890613794
NDLVENTURE.NS,2025-03-28,52.20000076293945,11.49216408441487,-8.676385937416796,-5.7779999173572065,-2.89838602005959,Bearish,89.95040000915527,102.47121133804322,Bearish,86.98028337176434,98.08499153400668,Bearish,100.82076358206838,57.24523640267283,79.0329999923706,Lower,32.929095107726255,6.977751533217237,82.61497523062988,Sell,52.20000076293945,104.66999816894531,201640,69008.9,True,,,False,False,False,False,-1.6578768608865868,-33.68902444934032,-42.88840274454525,7.379770574319585,8.660251071023117,-92.76519743258861,-0.405682209555563
NOIDATOLL.NS,2025-03-28,2.619999885559082,14.111981968106193,-0.5708025028865227,-0.6020641186731545,0.03126161578663178,Bullish,4.263400015830993,11.778599959611892,Bearish,5.1802299684431174,9.525038461795312,Bearish,4.1644841235010235,2.5925158698232567,3.37849999666214,Middle,71.07700466441607,0.156588650660729,3.260581456764009,Sell,2.619999885559082,6.929999828338623,791931,697639.85,False,,,False,False,False,True,-3.3210387941333908,-20.84592353923239,-36.86747408792257,2.4157279449667297,1.3046178934937525,-95.00000476837158,-0.44977221568371956
NOVAAGRI.NS,2025-03-28,42.68000030517578,29.02863314153965,-2.52269141750174,-2.4097373646743407,-0.11295405282739912,Bearish,53.86480003356934,64.3924001121521,Bearish,52.38363102195927,59.71383095004716,Bearish,51.69273654064683,43.176263703493795,47.43450012207031,Lower,23.315359860306643,2.5562139578443848,53.51237575444054,Sell,42.68000030517578,65.62999725341797,768789,321842.0,True,,,False,False,False,False,-1.5455552307465092,-10.785952823900613,-13.603240917275594,2.5489463281509392,11.592658605022551,-96.12243777858484,-0.4764861457805898
OMKARCHEM.NS,2025-03-28,5.449999809265137,21.323706168557614,-0.4737981073451003,-0.3058006323946505,-0.1679974749504498,Bearish,7.651399974822998,8.534000051021575,Bearish,7.47610311875586,8.041707943105205,Bearish,8.328013476684484,5.570986548111048,6.949500012397766,Lower,38.697039031225906,0.34112961695048993,7.097415684142247,Sell,5.449999809265137,9.029999732971191,77685,16399.65,True,,,False,False,False,True,-5.052264345239421,-20.437957881147263,-25.95109089131553,0.2836876842291014,2.6029938516806896,-100.0,-0.41613672225023035
ORCHPHARMA.NS,2025-03-28,776.0999755859375,29.42652669944773,-87.78356634556235,-99.30819354115172,11.524627195589375,Bullish,1100.222998046875,1358.626244506836,Bearish,1062.7359240301607,1236.7449496583338,Bearish,981.8341757797432,726.5758095718193,854.2049926757812,Middle,37.25081188464979,51.58008753906502,960.9285563609494,Sell,776.0999755859375,1650.050048828125,93238,111349.3,False,,,False,False,False,False,-0.12868357115132234,-5.9500770594723695,-19.303355800786328,6.1828784401251005,6.4118808907578355,-93.14599155129672,-0.48486829428793576
ORIENTBELL.NS,2025-03-28,228.14999389648438,26.698579931165174,-11.379097279316085,-10.402298584314561,-0.9767986950015235,Bearish,268.2960015869141,333.8239265441895,Bearish,267.70883877455935,321.95354195942656,Bearish,276.67106066540043,223.13394116565428,249.90250091552736,Middle,38.36355195835422,13.371861736103707,281.5293102694596,Sell,228.14999389648438,311.0,474824,45989.45,True,,,False,False,False,False,-2.4791635509364696,-7.892613359960132,-16.71838520523029,19.04097246820246,13.921539400471822,-77.47916376763881,-0.14922321133697272
OSWALSEEDS.NS,2025-03-28,11.640000343322754,27.26979987884479,-0.6745803262025447,-0.5256835218864269,-0.14889680431611785,Bearish,15.262000007629394,22.459599981307985,Bearish,15.233030677784662,21.6916041521411,Bearish,15.656778236428158,11.792222026785952,13.724500131607055,Lower,30.092352633624422,0.8219903988411168,15.284141323880469,Sell,11.640000343322754,19.1200008392334,212019,96828.05,True,,,False,False,False,False,-5.057095220100405,-16.975749192097755,-11.55014834128787,0.9901004641633472,10.317275846417756,-100.0,-0.32080911045104704
PALREDTEC.NS,2025-03-28,41.04999923706055,19.03317242537414,-4.505448819424096,-4.4501109753481085,-0.05533784407598752,Bearish,60.27719993591309,89.64120023727418,Bearish,58.848139320367856,87.37014058219279,Bearish,54.51740330886633,42.9445958213827,48.73099956512451,Lower,49.73084262026992,2.573660633139848,52.642788438942475,Sell,41.04999923706055,78.87000274658203,15548,22020.05,False,,,False,False,False,False,-5.020828140567268,-18.063871282821054,-26.036037410701717,1.885369499884859,7.100789332017641,-100.0,-0.36845838877850273
PAR.NS,2025-03-28,84.93000030517578,18.84173641413905,-13.932039480444487,-15.986654646259053,2.0546151658145657,Bullish,142.3411999511719,216.61154998779296,Bearish,134.61201161815026,201.3008982753513,Bearish,105.37099856544455,88.09400082420387,96.73249969482421,Lower,50.01655093682265,6.2082151671948775,111.6716053053886,Sell,84.93000030517578,203.07000732421875,65223,32434.55,True,,,False,False,False,False,-5.000001280099731,-13.20388182976041,-22.8960516308099,4.027391300561809,15.204806238045407,-100.0,-0.1914757804584467
PRAXIS.NS,2025-03-28,8.84000015258789,19.76860020389404,-1.4833896096051191,-1.286235631180619,-0.19715397842450022,Bearish,14.558460884094238,18.466265196800233,Bearish,14.192353331996232,17.367526472412738,Bearish,15.361581631339806,8.689722899757605,12.025652265548706,Middle,54.31046504670953,0.7766663848766587,12.150966659831209,Sell,8.84000015258789,19.90999984741211,2541340,893189.7,True,,,False,False,False,False,-4.22534570953993,-22.114538718251676,-35.568513261390244,0.48573119029329265,0.9175766458214945,-98.5428064291201,-0.5655734503627173
PVSL.NS,2025-03-28,96.7699966430664,29.666188277964874,-7.546020042140725,-8.685539060831829,1.1395190186911037,Bullish,123.36940002441406,184.0096297454834,Bearish,119.7512797020685,175.80873825965068,Bearish,110.01813818333207,91.66786264064254,100.8430004119873,Middle,47.44522660628137,4.918426329737142,114.99492902896887,Sell,95.29000091552734,152.02999877929688,203630,139141.55,False,,,False,False,False,False,1.5531490327626907,-2.9290858930975605,-15.247857431753909,13.33887261647586,13.70732945704394,-83.94991608534326,-0.3595128374976263
RADIANTCMS.NS,2025-03-28,51.08000183105469,28.035566684700346,-2.7507700851239036,-2.7434531189841653,-0.007316966139738312,Bearish,62.36040023803711,74.53631732940674,Bearish,61.459788618224,72.23760857306078,Bearish,62.131832500371075,50.52916717919436,56.33049983978272,Middle,50.16004032027114,2.848636882739294,62.04954553794294,Sell,51.08000183105469,74.41999816894531,5463787,772914.55,True,,,False,False,False,False,-4.790306843858227,-8.86707845433773,-16.467701461237993,21.525000658051127,23.529979406379237,-85.3700437245762,-0.38189858877894234
RAJMET.NS,2025-03-28,4.130000114440918,9.286155577516443,-0.5941679402232687,-0.6502259501750203,0.056058009951751586,Bullish,6.334399976730347,9.672100002765655,Bearish,6.016617335839709,9.02030236033975,Bearish,5.376686334549706,3.9643136978752205,4.670500016212463,Middle,58.66239434732222,0.29902915920462786,5.278105314311062,Sell,4.130000114440918,8.329999923706055,2028782,2469890.15,False,,,False,False,False,False,-0.24153991225044358,-8.628315666622044,-29.401706294552177,4.849438233431126,6.403596847155967,-95.32708572773137,-0.6549946818566884
RANASUG.NS,2025-03-28,12.180000305175781,29.591789014864727,-0.6396840156135291,-0.5452662726320686,-0.09441774298146044,Bearish,15.483600120544434,20.282100019454955,Bearish,15.28421305846314,19.29018986476276,Bearish,15.604656504392851,12.503343487977753,14.053999996185302,Lower,25.528743927208016,0.8081679318092,16.005364112995576,Sell,12.180000305175781,18.3799991607666,1239350,585782.1,True,,,False,False,False,False,-3.7154097037759293,-15.999997895339435,-12.437092460200038,3.3683610299695808,12.42936333612748,-98.11319008682548,-0.4639310496408677
REPL.NS,2025-03-28,158.8300018310547,29.27114677000294,-19.385384848628092,-20.48668877229208,1.1013039236639877,Bullish,234.84499969482422,217.09450004577636,Bullish,216.30748046496288,213.6139306100738,Bullish,208.95962439296233,152.230376522565,180.59500045776366,Middle,38.78553947869565,12.090230733469106,203.019083780989,Sell,157.2100067138672,321.1499938964844,81742,25992.75,True,,,False,False,False,True,1.030465649769985,-10.739575333345453,-27.820949953044817,6.808466930262629,13.024669644687421,-80.8900427037122,-0.5393130610111905
ROLEXRINGS.NS,2025-03-28,1279.0999755859375,29.510943747484333,-65.4818094339239,-69.1088298302202,3.6270203962963024,Bullish,1540.1880029296874,2081.5550036621094,Bearish,1524.3452955352557,1942.3811282587028,Bearish,1470.7711163699623,1268.8788836300378,1369.825,Middle,34.33764126190348,61.28117423523532,1538.5780983525826,Sell,1266.75,1798.300048828125,36682,38971.95,False,,,False,False,False,False,0.9749339321837303,-5.286932574162351,-10.593090290561724,20.71344244884973,30.981747015509722,-81.87109350808585,-0.28030323770789045
ROLTA.NS,2025-03-28,2.0,23.424409020577983,-0.2815775190019201,-0.2725878615483933,-0.008989657453526756,Bearish,3.055999984741211,3.8114000189304353,Bearish,2.8971599297801625,3.911072314598524,Bearish,3.0366126160618596,1.8823873419764703,2.459499979019165,Middle,58.526235586085505,0.13972770073358456,2.6527177065825094,Sell,2.0,4.070000171661377,477228,215066.55,True,,,False,False,True,False,-5.213265429609393,-4.761900436850974,-32.43243330320882,10.204079812158616,18.2539667093063,-100.0,-0.3752555612086674
SABEVENTS.NS,2025-03-28,3.9200000762939453,26.412454448005313,-0.4931738072947116,-0.6413123032778821,0.14813849598317053,Bullish,5.3610000324249265,11.23605000257492,Bearish,6.182211298688093,9.410792401609863,Bearish,4.503854235172225,3.7271458306313026,4.115500032901764,Middle,58.37268880777575,0.13687950506913932,4.317725510145969,Sell,3.8299999237060547,11.020000457763672,13381,16478.45,False,,,False,False,False,False,0.5128200112166859,-2.487559828533148,-13.656385259219817,20.005153725671857,25.891278784400512,-77.27271003172591,-0.22819086463325186
SADBHAV.NS,2025-03-28,10.539999961853027,23.46779810977171,-1.3636103054686863,-1.3878825592452846,0.02427225377659825,Bullish,15.401000003814698,26.326349940299988,Bearish,15.626045133590543,24.09844800018266,Bearish,14.16243623367349,10.32256380447348,12.242500019073486,Middle,48.32698766772759,0.5423583976385632,12.508974084124343,Sell,10.539999961853027,21.850000381469727,1369166,361687.25,True,,,False,False,False,False,-2.0446121036158282,-9.760276656992751,-20.87086934432455,0.0,0.0,-100.0,-0.3957124110705282
SADHNANIQ.NS,2025-03-28,16.850000381469727,17.10427435285432,-2.8491783326663764,-2.760556172663799,-0.08862216000257739,Bearish,27.672800178527833,51.637447900772095,Bearish,27.322661550065934,47.85482042184285,Bearish,26.642396843747445,16.59560345379894,21.619000148773193,Middle,48.89444657874115,1.4293425373439321,22.915460041915853,Sell,16.850000381469727,38.95000076293945,560086,359630.8,False,,,False,False,False,False,-4.856006479169938,-15.70785105353104,-34.12822348817082,0.22173830864892027,2.4016164906146136,-99.68320292736689,-0.589132810730491
SAKAR.NS,2025-03-28,211.72000122070312,29.401083288794798,-10.182127182108303,-7.720107547795415,-2.462019634312888,Bearish,256.48740051269533,300.30810119628904,Bearish,253.80746766167,295.8911835483024,Bearish,274.70997162225547,209.10702972051797,241.90850067138672,Middle,13.956884595777861,13.779602676691946,270.8345894718887,Sell,211.72000122070312,309.04998779296875,58590,32677.8,False,,,False,False,False,False,-1.2269674867853242,-11.860457390145584,-13.583672971141581,4.159389184183655,5.687160856540774,-97.24958355677488,-0.2781872481437009
SAKUMA.NS,2025-03-28,2.3499999046325684,23.430844333748635,-0.1822740240916101,-0.1591596590572777,-0.023114365034332396,Bearish,3.0969999980926515,4.769059230089187,Bearish,3.0395134468204885,4.469747043979663,Bearish,3.105019189634461,2.322980855188232,2.7140000224113465,Middle,35.3091727563969,0.09345302440545773,2.6708065831305228,Sell,2.3499999046325684,3.9100000858306885,1205056,1270591.15,False,,,False,False,False,True,-2.083341197834765,-10.646395346939808,-16.071430548113252,0.0,0.3418799656774841,-100.0,-0.2289703581672955
SAMBHAAV.NS,2025-03-28,5.300000190734863,23.49238499490321,-0.40304232633222536,-0.3664073436887961,-0.03663498264342924,Bearish,6.793600034713745,6.157650003433227,Bullish,6.5039527537797825,6.136514564876648,Bullish,6.966570047823877,5.112430043728857,6.039500045776367,Middle,36.083160730876514,0.20367561213238441,5.944327931814219,Sell,5.300000190734863,7.869999885559082,18411,20040.45,False,,,False,False,False,True,-2.0332654303098496,-8.620689371678269,-25.561793877491155,0.0,0.9901004641633607,-100.0,-0.6584553419249416
SANCO.NS,2025-03-28,2.140000104904175,17.393433979152174,-0.2852027285369134,-0.25184329750059786,-0.03335943103631556,Bearish,3.282200016975403,4.9539500367641445,Bearish,3.1621106916284862,4.813592551321844,Bearish,3.286548857540685,2.1874511434129897,2.7370000004768373,Lower,41.84788628322416,0.18711705524249814,2.8889491720500162,Sell,2.140000104904175,4.150000095367432,16164,15802.25,False,,,False,False,False,False,-5.309729471922886,-18.007655520399723,-25.17481876227574,0.0,1.0654479667250443,-100.0,-0.28288710537824957
SANWARIA.NS,2025-03-28,0.3400000035762787,18.595966730924733,-0.020133468174051428,-0.015448175450470288,-0.00468529272358114,Bearish,0.4148000001907349,0.4539499986171722,Bearish,0.41137377402222186,0.43201363868520665,Bearish,0.4336766121059481,0.3443233909934934,0.38900000154972075,Lower,37.945027970692784,0.015944854264127693,0.40979270308749693,Sell,0.3400000035762787,0.47999998927116394,1072245,607519.35,False,,,False,False,False,True,-2.8571401810159047,-8.10810832580221,-20.930233041681802,4.761914898750147,6.613765830776818,-100.0,-0.6404662794480347
SBGLP.NS,2025-03-28,34.790000915527344,27.91012726759857,-9.830717082060602,-13.384450682675318,3.5537336006147164,Bullish,72.89759990692139,109.57129996299744,Bearish,63.60388677639465,98.65474456938708,Bearish,39.98969642400995,25.501304132935857,32.7455002784729,Middle,63.57763795912331,2.3026355057750267,39.21405655641906,Sell,26.270000457763672,122.66000366210938,44053,361840.4,False,,,False,False,False,False,-1.9999974210497373,1.8740830484690996,-16.63071819515546,93.58747516613774,96.02059693866725,-12.765946653752602,0.07123754054737069
SECURKLOUD.NS,2025-03-28,17.18000030517578,19.584391590718045,-2.058829036875572,-1.9639759468621263,-0.09485309001344588,Bearish,25.409599952697754,33.14649983406067,Bearish,24.347882729096458,32.296646257155466,Bearish,23.05559673508976,17.611402891069904,20.333499813079833,Lower,39.33094442873464,1.4339113228753795,22.10847969454189,Sell,17.18000030517578,32.81999969482422,155063,83611.9,False,,,False,False,False,False,-0.23228228672280693,-15.577395660299242,-27.3879948606386,3.924349945755526,3.5140913267677636,-88.22695016273337,-0.3649101010313011
SETUINFRA.NS,2025-03-28,0.46000000834465027,28.54024425606362,-0.027576424296376745,-0.016229841172368274,-0.01134658312400847,Bearish,0.5801999968290329,0.7861499972641468,Bearish,0.6046911424442898,0.7263028427937521,Bearish,0.6478158143261104,0.4891841712495657,0.568499992787838,Lower,29.017219079954366,0.03870897843271814,0.6360656571833907,Sell,0.46000000834465027,0.6399999856948853,227532,70706.85,True,,,False,False,False,False,-6.122449103716454,-17.857141716747872,-23.33333498901784,0.0,4.040411703075464,-100.0,-0.5451448059968479
SEYAIND.NS,2025-03-28,13.300000190734863,8.735604545784922,-2.0387539989080974,-1.8845033838685863,-0.1542506150395111,Bearish,21.147199745178224,26.201199970245362,Bearish,19.960953075777425,24.234162840572882,Bearish,20.981815064295585,12.883184706822579,16.932499885559082,Middle,82.16510288452547,0.8236224067118201,16.96307019761754,Sell,13.300000190734863,28.06999969482422,20294,20224.25,False,,,False,False,False,False,-2.9905167488790463,-19.00121724154874,-35.56201267425811,3.348726816832789,2.388017117244116,-94.75655945748434,-0.5598340711311196
SHIVAMILLS.NS,2025-03-28,68.5199966430664,28.14581485496518,-4.001149656152023,-3.905362138925247,-0.09578751722677614,Bearish,83.7757992553711,91.30784980773926,Bearish,81.52923531283453,89.46026057704674,Bearish,80.87399396350794,67.64500399181433,74.25949897766114,Middle,27.839157095421516,5.082279257194896,87.85806671245936,Sell,68.5199966430664,96.7699966430664,12155,12841.6,False,,,False,False,False,False,-0.014595266903005832,-6.393443306404622,-10.955166523068138,10.619810022206297,15.351914130915084,-82.03967198361215,-0.31267010907330495
SHIVAMAUTO.NS,2025-03-28,25.719999313354492,29.99166309343308,-2.2235621478126752,-2.145745079185371,-0.07781706862730431,Bearish,34.38340015411377,42.012850008010865,Bearish,33.43429468069132,39.59331822643842,Bearish,33.32907700876292,25.354922815761,29.34199991226196,Middle,27.233797355122153,2.2775997501387093,35.269650441652615,Sell,25.719999313354492,42.810001373291016,315762,215490.5,False,,,False,False,False,False,-1.7195290853173728,-13.604303265480755,-22.03698695128462,4.539697993355964,11.16769155208389,-93.75001221406866,-0.4766847493382322
SHYAMCENT.NS,2025-03-28,6.739999771118164,22.08459399510382,-0.5532611503240954,-0.576841436876483,0.02358028655238764,Bullish,9.200999946594239,14.5178999376297,Bearish,9.166406202215699,13.762538945542936,Bearish,8.33842402979221,7.0455758900991485,7.6919999599456785,Lower,56.778079051404774,0.48399852488153733,8.964804378095554,Sell,6.739999771118164,12.270000457763672,480210,235065.2,True,,,False,False,False,False,-4.936535598549662,-14.467009222926086,-18.004871628132,4.170945661817147,9.492011204141455,-99.31508527059374,-0.42120592793791023
SILLYMONKS.NS,2025-03-28,13.6899995803833,23.721722702115482,-1.2477483478997708,-1.0222049474789767,-0.22554340042079413,Bearish,19.22739984512329,21.41399999141693,Bearish,18.62669430627167,20.11214667986918,Bearish,19.239472685048487,14.365527334024998,16.802500009536743,Lower,33.26008649781116,1.303676799673918,19.459231790732396,Sell,13.6899995803833,24.229999542236328,14508,8861.25,False,,,False,False,False,False,-3.997199434429677,-18.17095065769897,-26.358259989161247,6.445239832089666,11.740703028529007,-95.5882391612013,-0.2590871857093834
SITINET.NS,2025-03-28,0.4699999988079071,8.77509203971643,-0.03845879732294266,-0.0325681152444326,-0.005890682078510061,Bearish,0.6180000019073486,0.795549999177456,Bearish,0.6165095983044387,0.7253577001120495,Bearish,0.6202065142702875,0.4807934728551093,0.5504999935626984,Lower,84.11716072537801,0.02165670322166446,0.5662645201690011,Sell,0.4699999988079071,0.7200000286102295,1259047,1005454.5,False,,,False,False,False,False,-2.083331393077925,-14.54545661437605,-21.666669978035692,0.0,0.0,-100.0,-0.6814279015112
SPLIL.NS,2025-03-28,32.720001220703125,29.462954004547942,-2.6476515005239634,-2.574508784705661,-0.07314271581830223,Bearish,45.1055997467041,56.686150093078616,Bearish,43.899808268127174,53.927135473134115,Bearish,42.312757461810236,33.48824237034309,37.90049991607666,Lower,26.20763927425169,2.8039154642945285,44.804111102871424,Sell,32.720001220703125,58.0099983215332,99162,36016.65,True,,,False,False,False,False,-1.7417358247621917,-18.708071501358692,-14.457513148488566,7.594870844069512,15.280354122069427,-93.73101571585336,-0.40192449034327865
SUPREMEENG.NS,2025-03-28,1.75,22.72909956333544,-0.14135590319619062,-0.119290015363367,-0.022065887832823622,Bearish,2.2646000027656554,2.515750000476837,Bearish,2.2418500477399976,2.2189111781589226,Bullish,2.41824639797616,1.7007535958249567,2.0594999969005583,Middle,28.29378405614129,0.06714571757795897,1.9634882768529869,Sell,1.75,2.690000057220459,19957,101345.15,False,,,False,False,False,True,-2.234634788015244,-10.256412450927044,-30.000000000000004,0.0,0.0,-100.0,-0.31241850251344183
SUVIDHAA.NS,2025-03-28,3.950000047683716,24.38318259034185,-0.25889495239559945,-0.2267227165570596,-0.03217223583853984,Bearish,5.201399989128113,5.5032999956607815,Bearish,5.058776213416564,5.437552447701777,Bearish,5.098740265282362,4.1542596841729,4.626499974727631,Lower,22.130904380006573,0.32942359034966245,5.276841041368028,Sell,3.950000047683716,6.329999923706055,649434,388818.85,False,,,False,False,False,False,-3.422985322276617,-16.6666616367386,-18.72428108705918,6.636816651181327,14.847125279265557,-89.34425316456685,-0.4868036437824018
TAKE.NS,2025-03-28,6.690000057220459,25.024155151766216,-1.0023957160046297,-0.9292393321347526,-0.0731563838698771,Bearish,10.598600034713746,16.62260001897812,Bearish,10.480939899088298,15.876214130181078,Bearish,10.422965348884164,6.739034782722891,8.581000065803527,Lower,37.717556128370276,0.597477958623357,9.28853662545422,Sell,6.690000057220459,15.479999542236328,355170,166522.8,True,,,False,False,False,False,-5.106384734393599,-20.451840920317277,-32.492430270142926,0.09132630070302238,2.3055564813982405,-100.0,-0.5315442013079374
TEAMLEASE.NS,2025-03-28,1810.25,28.080698476118048,-79.89676189657212,-76.95965312269205,-2.9371087738800696,Bearish,2171.0239990234377,2769.848248291016,Bearish,2159.4722388928867,2668.0063959369895,Bearish,2099.919847382664,1814.400172148586,1957.160009765625,Lower,29.626651062081635,82.11081936925173,2152.082258244882,Sell,1810.25,2728.050048828125,39681,53684.8,False,,,False,False,False,False,-1.2869087384532074,-6.260519529068964,-4.484896451655452,5.7110406235126385,8.832415082185669,-94.63256239890961,0.10914704657478294
THEINVEST.NS,2025-03-28,120.52999877929688,28.571236293588115,-8.747713367704122,-8.28477452765551,-0.4629388400486132,Bearish,151.4552000427246,179.93550029754638,Bearish,149.15871617317566,166.72206269852052,Bearish,147.26665558105944,118.50834365600113,132.88749961853028,Middle,28.601625369587396,7.736561127190282,149.99753857424128,Sell,117.7699966430664,177.77000427246094,40455,25744.75,False,,,False,False,False,False,2.343552869917631,-5.784414529997872,-16.37411038923091,9.519310587028109,8.882796389289005,-84.10920030359725,-0.34769770276629297
TICL.NS,2025-03-28,31.020000457763672,27.57516278906273,-3.397871569374338,-3.5523414123658443,0.15446984299150612,Bullish,44.14339984893799,43.70434988975525,Bullish,40.27533183547938,42.09147401933997,Bearish,39.23919677119429,29.727802854965375,34.48349981307983,Middle,33.228131490391746,2.5650047930979487,40.67509076461504,Sell,30.969999313354492,55.66999816894531,57106,78059.25,False,,,False,False,False,False,0.16145025998635099,-9.982584788456982,-30.98998902945701,8.581961447778504,16.637306022546294,-93.5723059585193,-0.5074435990484683
TIJARIA.NS,2025-03-28,5.139999866485596,15.989219131128229,-0.9624142251850021,-0.8129334252363313,-0.1494807999486708,Bearish,8.459000034332275,12.111200008392334,Bearish,8.234196383084564,12.472988854977777,Bearish,9.489689323223086,4.757310703479796,7.123500013351441,Middle,37.03931993917067,0.4871201026551245,7.1198314684083615,Sell,5.139999866485596,10.579999923706055,54152,44947.05,False,,,False,False,False,False,-4.638219038825431,-13.028764819066518,-45.60846592350038,0.18570083636436932,1.5895023345311785,-99.44289749090689,-0.5236471141716901
TPHQ.NS,2025-03-28,1.1100000143051147,22.78101590390136,-0.10346972908931829,-0.09736091240763012,-0.006108816681688167,Bearish,1.5285999989509582,1.5804499995708465,Bearish,1.4938112306351856,1.4959246427544277,Bearish,1.5201902656418833,1.125809726251885,1.322999995946884,Lower,40.12657943094426,0.0793096251603863,1.4483873071987616,Sell,1.1100000143051147,2.049999952316284,2468213,1785566.35,False,,,False,False,False,False,-4.310340840949623,-13.953484718662368,-25.503355221438852,4.028449584979931,5.5095607872714565,-97.3684235292789,-0.4453889373232949
TREEHOUSE.NS,2025-03-28,8.989999771118164,17.03478616616247,-1.5223492352296581,-1.2246068652049216,-0.2977423700247366,Bearish,14.591599922180176,18.919799933433534,Bearish,13.86771762955482,18.198489516086294,Bearish,16.259265838218273,8.481734051155506,12.37049994468689,Middle,34.7169008046253,1.0063173229232654,12.99079825945719,Sell,8.989999771118164,18.600000381469727,191786,69320.8,True,,,False,False,False,False,-2.600214333922002,-18.198362526412616,-41.203402265877784,1.263039834155978,1.7546904988935033,-96.21088049753207,-0.5063411723902459
TRIGYN.NS,2025-03-28,67.69000244140625,27.483900175619553,-4.7849984607266265,-4.995883284367512,0.21088482364088534,Bullish,89.38660018920899,112.57235034942627,Bearish,86.48367221667337,106.56423915533212,Bearish,81.82737689188912,69.13162350483941,75.47950019836426,Lower,26.948869168246723,4.460552987996857,87.30362835466407,Sell,67.69000244140625,112.41000366210938,255276,140672.95,False,,,False,False,False,False,-4.379147385264592,-13.78168309822405,-18.16972746312675,8.274645509130648,19.879959511327403,-93.30053054054738,-0.42082505702481543
TRU.NS,2025-03-28,7.119999885559082,25.451104025468013,-1.1334348237956693,-1.0387918273826868,-0.09464299641298246,Bearish,11.071199941635133,28.233793351650238,Bearish,11.333243578152244,29.47296624737466,Bearish,12.028418724904439,6.603581101526837,9.315999913215638,Middle,33.8637126084084,0.6212843029139008,9.731191965494949,Sell,7.119999885559082,14.039999961853027,2276947,538411.15,True,,,False,False,False,True,-3.7837865702682327,-18.906604759660482,-36.200716999022745,0.7792179911696268,5.481005646747483,-97.6623460264911,-0.4733882975390195
UMESLTD.NS,2025-03-28,5.010000228881836,28.180571711060626,-0.22885668635421386,-0.23303849912428976,0.004181812770075899,Bullish,5.958800001144409,6.824650011062622,Bearish,5.87617888608904,6.359216412589248,Bearish,5.629210829706141,5.116789174108556,5.373000001907348,Lower,19.35357126346908,0.2798097109188647,6.114059622735418,Sell,5.010000228881836,7.079999923706055,32698,20052.0,False,,,False,False,True,False,-4.02298026341692,-8.24175469086368,-15.228420334466986,13.564384043529907,18.6435847705398,-93.1506589824034,-0.29207793720828806
UNIINFO.NS,2025-03-28,14.680000305175781,15.350932717023138,-2.8984695161823346,-2.9548550079995053,0.056385491817170674,Bullish,25.58040002822876,34.51000001430511,Bearish,23.89737626886194,31.98492443958006,Bearish,22.31678144270616,14.267219049389785,18.292000246047973,Middle,53.62427930178235,1.5105939183035404,20.911706571144606,Sell,14.680000305175781,33.630001068115234,29088,22813.1,False,,,False,False,False,False,-5.045276397455178,-14.898548955502722,-44.35177872557149,1.9008872732320408,4.200109211472667,-100.0,-0.6077268984310349
VAKRANGEE.NS,2025-03-28,9.40999984741211,20.078165142240625,-1.9912018398451483,-2.1132713699313896,0.12206953008624133,Bullish,17.594000091552733,23.581439571380614,Bearish,16.644438441712776,21.851098297696225,Bearish,14.67269688509687,9.542303172123587,12.107500028610229,Lower,57.348057239706755,0.8045242877175592,12.650847809075774,Sell,9.40999984741211,31.829999923706055,14359773,9610727.35,False,,,False,False,False,False,-4.757087667861882,-19.70990074219784,-29.880776498395022,0.21881644766241634,0.7678878887115755,-99.34355065701278,-0.4408816314849013
VCL.NS,2025-03-28,0.6499999761581421,23.901222037413447,-0.02815493513374534,-0.019074254594101878,-0.009080680539643463,Bearish,0.8070000040531159,0.8688500019907951,Bearish,0.8012653594331991,0.8700444526988187,Bearish,0.8440270321908541,0.6959729713854246,0.7700000017881393,Lower,20.990656223376952,0.06764738333802081,0.9319668372272986,Sell,0.6499999761581421,0.8799999952316284,953318,278862.7,True,,,False,False,False,True,-9.722229120907688,-18.75000419095152,-18.75000419095152,17.777784665422452,22.962971440065473,-80.00001907348633,-0.430491328474448
VERTOZ.NS,2025-03-28,7.829999923706055,23.947634889336097,-0.6220334695390317,-0.523364153215471,-0.09866931632356069,Bearish,10.154800033569336,22.029050011634826,Bearish,10.41749687926896,21.622906491281853,Bearish,10.709279935260103,7.6547200037047425,9.181999969482423,Middle,39.77247666186019,0.36603903731110643,9.042712265723393,Sell,7.829999923706055,13.0,447520,934310.9,False,,,False,False,False,False,-2.0025012765390593,-9.792630778628908,-12.21973254781361,0.0,0.0,-100.0,0.23129203642725385
VIJIFIN.NS,2025-03-28,2.0899999141693115,26.672836547902957,-0.10694686092629224,-0.08717632593461236,-0.019770534991679883,Bearish,2.6336000108718873,2.8151000010967255,Bearish,2.591575892672309,2.736343236365628,Bearish,2.6581446426971675,2.1688553553954835,2.4134999990463255,Lower,25.407183874544145,0.14988773847080447,2.833358390744289,Sell,2.0899999141693115,3.2899999618530273,209535,117059.25,False,,,False,False,False,False,-5.429869769517204,-12.552308684810354,-12.18488177845025,7.24580028347269,9.349759099326642,-100.0,-0.3578101083809466
VIKASLIFE.NS,2025-03-28,2.680000066757202,26.341779829785338,-0.15684264636214573,-0.15306698511304812,-0.003775661249097617,Bearish,3.310000009536743,4.365299987792969,Bearish,3.2702664053100055,4.203733378575535,Bearish,3.1891513066778368,2.6818487448205763,2.9355000257492065,Lower,27.264093497813473,0.13076304281849152,3.2306422973136324,Sell,2.680000066757202,4.0,13523120,6465468.3,True,,,False,False,False,False,0.0,-7.586207633636488,-12.418296834253118,1.858643480994802,3.993961719476534,-98.27586348643645,-0.5036086662463126
VINNY.NS,2025-03-28,1.2000000476837158,28.72501316022546,-0.058005511263625964,-0.04431217485270415,-0.01369333641092181,Bearish,1.4522000002861022,2.6833082741498946,Bearish,1.465463448194816,2.6258499134180755,Bearish,1.5289908913274295,1.172009107718896,1.3504999995231628,Middle,33.213836452958475,0.045680605759788113,1.3643793411266119,Sell,1.2000000476837158,1.7200000286102295,807012,701216.95,False,,,False,False,False,False,-1.639342660450327,-9.090909090909093,-6.976737738815952,1.0101002803225154,1.863875363673329,-100.0,-0.16215310621867013
VISHWARAJ.NS,2025-03-28,7.880000114440918,21.72013307870934,-0.8647845361551525,-0.8382720183515628,-0.026512517803589652,Bearish,11.453999977111817,15.305752325057984,Bearish,11.02072750356002,14.33661634467163,Bearish,10.722004425947139,7.9659955854969535,9.344000005722046,Lower,45.23430642460949,0.574663044226482,10.496226732077613,Sell,7.880000114440918,15.300000190734863,1950215,1519711.6,False,,,False,False,False,False,-3.3128775058525184,-14.44082430181669,-23.42079549413444,5.9763196869953825,7.604894389388662,-97.93814585026229,-0.3725002825093413
VIRINCHI.NS,2025-03-28,20.780000686645508,26.261226113162706,-1.3992897906202018,-1.2270250521309167,-0.17226473848928503,Bearish,26.37600009918213,30.663350019454956,Bearish,25.43431113722692,30.333409666407153,Bearish,25.924274828945844,20.696725651706014,23.31050024032593,Middle,34.30548791063206,1.2575328354520583,25.632904199056327,Sell,20.690000534057617,31.90999984741211,813005,481523.45,False,,,False,False,False,False,0.43499347638846775,-10.43103446858391,-15.562778662000776,8.139774265466823,7.062894835135364,-89.76231721536925,-0.3976396113249957
VIPULLTD.NS,2025-03-28,10.210000038146973,27.830810375296192,-1.0587312711844792,-1.1281245920851941,0.06939332090071493,Bullish,14.17019998550415,29.214950032234192,Bearish,14.508707465982297,26.546061302081316,Bearish,12.821912306975026,9.887087803651195,11.35450005531311,Middle,42.331991376147684,0.49456950514647186,11.838939430724938,Sell,10.210000038146973,21.510000228881836,331136,552683.9,False,,,False,False,False,False,-2.0153554377099647,-9.805650941711285,-12.134250097234567,0.0,9.231604060575894,-100.0,0.03880548373094144
VLEGOV.NS,2025-03-28,35.97999954223633,21.589559129485036,-13.429446156400289,-16.520229952973423,3.0907837965731346,Bullish,85.85519912719727,117.71005018234253,Bearish,76.36504962188367,99.04301329485345,Bearish,53.17619432675262,27.63380513918976,40.40499973297119,Middle,75.454714989867,3.195372599055483,45.4577625093424,Sell,32.63999938964844,168.39999389648438,1071649,1312661.9,False,,,False,False,False,False,1.984129215305508,-4.612941734243037,-37.83690587722383,32.10717367886772,30.308501841167125,-55.575379581125105,0.2033824167099609
WINSOME.NS,2025-03-28,1.7200000286102295,21.703931208140066,-0.1814358469715991,-0.20464381617171568,0.023207969200116585,Bullish,2.312600009441376,3.421850009560585,Bearish,2.264008841727705,3.1415451665474228,Bearish,2.029284484220508,1.6107155372371644,1.820000010728836,Middle,81.63326268829448,0.06297697162848832,1.9063923089826502,Sell,1.659999966621399,3.059999942779541,20861,13109.8,False,,,False,False,False,False,0.5847947508874407,-0.5780341244511877,-18.095233013299893,30.396841584241553,19.30042295402931,-64.28570212149982,-0.5340094383004791
XELPMOC.NS,2025-03-28,81.47000122070312,28.75465806094158,-5.997100910787921,-5.558241492396997,-0.43885941839092446,Bearish,110.25239944458008,122.55304973602296,Bearish,106.9171402046543,120.38603503235905,Bearish,106.60962667439392,83.7833725931842,95.19649963378906,Lower,26.2821425738072,7.156358737928929,110.72246609508358,Sell,81.47000122070312,132.6300048828125,63688,31771.2,True,,,False,False,False,False,-2.38437321543149,-16.765423470771303,-23.523887961842284,9.1857338031239,24.092236582227496,-98.25925473813658,-0.5206730467350887
